kind,rank,priority,wave,workgroup,number,title,route,suggested_next_owner,maintainer_comment_needed,existing_verdict,reviewed_sha,head_sha,base_ref,mergeable,github_review_decision,next_action,relationship_summary,url
pull_request,1,P1,W1,G01,332,Fix MCP tool schemas to accept flat agent arguments,reconcile,integration maintainer,conditional,Approve verdict in owner issue comment; not formal approval. Registered-tool test and constraints findings addressed; bot withdrew its 90% coverage demand.,,8de7659b1f21e08bafe751a66bb0e22e7a01015c,main,CONFLICTING,,"Preserve existing approve comment; resolve current conflict, pin review coverage, and make incoming tools follow the flat schema. No repeat 90% coverage request.",Schema baseline before new tool integration; independent of #333.,https://github.com/basher83/Zammad-MCP/pull/332
pull_request,2,P1,W0,G17,342,Remove repo-local Codex triage and digest automation,reconcile,integration maintainer,yes,"Approve verdict posted as COMMENT on ad7b2ac (same-author fallback), not formal approval. Current a07b044 adds two later commits.",ad7b2ac40288f03ff214959237f7de6d5a9fc2d2,a07b044389268586475639cd361a0787f5d45ded,main,CONFLICTING,,Keep authorized retirement direction; assess expanded a07b044 scope and current conflict with #291/#276. Old ad7b2ac approval does not cover dependency remediation.,Prefer settling targeted remediation/removal before regenerating #291 or updating surviving workflows in #276.,https://github.com/basher83/Zammad-MCP/pull/342
pull_request,3,P1,W0,G17,291,chore(deps): Lock file maintenance,decision,maintainer,yes,Two formal CHANGES_REQUESTED reviews: c11d83f then 00848ce. Latest recorded re-review retains PLR0917 blocker and adds MCP2/FastMCP4 ToolAnnotations typing/lower-bound mismatch. Current 4447daea newer again.,00848ce47813af6968af1f42cf1afeb64a46f2b4,4447daea866a2f259d0b7584210824b2043a0cfd,main,MERGEABLE,CHANGES_REQUESTED,Choose deliberate MCP2/FastMCP4 migration versus constrained maintenance; inspect only new-head delta against recorded requests. Current checks pass; historical failures are not current results.,Overlaps #342 uv.lock/security remediation; not an interchangeable alternative for retirement.,https://github.com/basher83/Zammad-MCP/pull/291
pull_request,4,P2,W0,G17,306,chore(deps): Update mise tools,author-action,PR author,conditional,Formal CHANGES_REQUESTED at ea1422a; current 8173302 newer.,ea1422a02eda049e2d70f0ac84dd69a29ac1f7b9,8173302e418e45e1c69fd6ef6fbb60ccc414ba5b,main,MERGEABLE,CHANGES_REQUESTED,"Default to existing Python <3.14 policy; remove unintended 3.14.7 bump/correct update matching. A cap lift would need a separate deliberate decision, not repeat permission to preserve policy.",Coordinate uv 0.12.19 with #276; alignment is not a hard dependency.,https://github.com/basher83/Zammad-MCP/pull/306
pull_request,5,P2,W0,G17,276,chore(deps): Update GitHub Actions,delta-review,reviewer,no,"Review text says approve at a90e513, but recorded formal state is DISMISSED. Current b42e2ab is not reviewed by that approval.",a90e5135a9c6e2a9a4b2a7880bc0a664c2af2911,b42e2ab42c7bd3b59133c0227ebc4558297c2a27,main,MERGEABLE,,Review updated pins at b42e2ab; previous approve review is DISMISSED. Retain useful pins only for workflows surviving #342.,Modify/delete overlap with #342; align uv with corrected #306.,https://github.com/basher83/Zammad-MCP/pull/276
pull_request,6,P1,W1,G04,323,"fix(stats): categorize ticket stats by state name, not state_type_id",delta-review,reviewer,conditional,CHANGES_REQUESTED on 20f42fb; author correction 2d10298 and doc-only e6398c5 are later; production corroboration is not maintainer re-approval,20f42fbacd8e82050038d5c7b64c7ac23ff71646,e6398c5ebfe81a79502fc76b3697a4f7214bab80,main,MERGEABLE,CHANGES_REQUESTED,"Re-review 2d10298/e6398c5 fixes, not the old name-based proposal. Current patch corrects seeded type IDs; production corroboration is not re-approval.",Coordinate stats surface with #314/#311; #345 is a distinct unfixed escalation report.,https://github.com/basher83/Zammad-MCP/pull/323
pull_request,7,P1,W1,G04,311,feat: fast GraphQL-based ticket stats (ticketOverviews) with paginated fallback,decision,maintainer,yes,CHANGES_REQUESTED; author subsequently asks for contract agreement; no rewrite or re-review recorded,31edfd60c4c6fce7af0a114d86cdd5f62fd57948,31edfd60c4c6fce7af0a114d86cdd5f62fd57948,main,MERGEABLE,CHANGES_REQUESTED,Answer contributor proposal for nullable/source-labelled counts before requesting a rewrite; existing negative review remains until changed implementation is assessed.,Coordinate shared stats contracts with #323/#314/#345; none is a hard prerequisite demonstrated here.,https://github.com/basher83/Zammad-MCP/pull/311
pull_request,8,P1,W1,G02,327,fix: populate state/priority/group/owner/customer in zammad_get_ticket,decision,maintainer,conditional,"Approve verdict as issue comment at d08362e, not formal APPROVED; no unresolved substantive finding in existing review.",d08362e9121d7a31291aea24242430321a6a9e27,d08362e9121d7a31291aea24242430321a6a9e27,main,CONFLICTING,,"Prefer the later explicitly credited adoption as primary, subject to recording family disposition and resolving current conflict. Preserve its approve comment; do not silently discard #313 timeout work.",Alternative to #321/#313; #328 follows original #321 and needs porting if this route is chosen; lock overlaps W0.,https://github.com/basher83/Zammad-MCP/pull/327
pull_request,9,P1,W1,G02,321,fix(client): request expand=true when fetching a single ticket,alternative,maintainer,yes,Formal APPROVED at 5b529fd. Later #327 states core fix cherry-picked with author credit and supersedes #321.,5b529fd8789f8f6a8672ea6d7cb13d8db09569b0,5b529fd8789f8f6a8672ea6d7cb13d8db09569b0,main,MERGEABLE,,Retain technical approval; communicate #327 adoption/credit if chosen. Do not queue both equivalent core fixes.,Alternative to #313/#327; exact parent commit is included in #328.,https://github.com/basher83/Zammad-MCP/pull/321
pull_request,10,P1,W1,G02,313,fix(client): request expanded fields in get_ticket,alternative,maintainer,yes,"Formal APPROVED at 54d04ea, with explicit maintainer choice between #313 and #321; no correctness rejection.",54d04ea6c45e94b4381e50219addb7d9cf06c490,54d04ea6c45e94b4381e50219addb7d9cf06c490,main,MERGEABLE,,Record primary selection; retain request-timeout feature separately if #327/#321 carries expansion. Existing approval is not a mandate to merge competing patches.,Alternative expansion implementation; unique timeout intersects #328 requested work.,https://github.com/basher83/Zammad-MCP/pull/313
pull_request,11,P1,W1,G02,328,fix(client): build get_ticket URL from zammad_py's normalised base (follow-up to #321),author-action,PR author,conditional,Request-changes verdict via issue comment at e862599; timeout and test mock/DI findings confirmed in that review.,e8625997ffecb724a1490ba2f515c231c874d04a,e8625997ffecb724a1490ba2f515c231c874d04a,main,MERGEABLE,,"Existing timeout/test-boundary requests already specify work. Settle parent and timeout scope once, then fix/port; do not repeat review text.",Contains #321; not based on #327; coordinate #313 timeout rather than duplicate it.,https://github.com/basher83/Zammad-MCP/pull/328
pull_request,12,P1,W1,G03,322,"fix!: remove zammad_delete_attachment, Zammad has no such endpoint",decision,maintainer,yes,"Formal APPROVED at cec2851; removal accepted, with maintainer remove-vs-stub choice remaining.",cec2851984fb67544ef021921dfcb38b570cd745,cec2851984fb67544ef021921dfcb38b570cd745,main,MERGEABLE,,Confirm removal rather than stub and choose one carrier. Prefer already-reviewed #322 plus selected #325 work; evaluate #330 autospec delta separately.,Alternative to #330; parent of #325; removal of destructive helper intersects #336.,https://github.com/basher83/Zammad-MCP/pull/322
pull_request,13,P1,W1,G03,330,"fix!: remove zammad_delete_attachment, Zammad has no such endpoint",alternative,maintainer,yes,No maintainer-account review verdict found. Author reports Codacy docstring fix in 99224d2; Codacy now zero issues; CodeRabbit rate-limited on that head.,,99224d2bfdb6a672ae744f2a3146d008da0e7cdb,main,MERGEABLE,,No maintainer verdict found: author fixes and bot status do not inherit #322 approval. Decide carrier before first review; preserve distinct autospec work.,Independent of #322; does not absorb all #325 helper/guard work.,https://github.com/basher83/Zammad-MCP/pull/330
pull_request,14,P2,W1,G03,325,refactor: drop orphaned _destructive_write_annotations and harden guard test (follow-up to #322),first-review,reviewer,conditional,No maintainer-account verdict found. CodeRabbit COMMENTED at ef2caa3 with two Major findings: 90% coverage and actual registry assertions.,ef2caa3a425cba375267cfca8e6641ae1f5ccf2a,ef2caa3a425cba375267cfca8e6641ae1f5ccf2a,main,MERGEABLE,,First disposition of bot findings is still needed if retained; do not blindly enforce bot 90% coverage claim. Select destination after removal-family decision.,Contains #322. Its destructive-helper deletion conflicts semantically with #336 using that helper.,https://github.com/basher83/Zammad-MCP/pull/325
pull_request,15,P1,W1,G07,310,fix(prompts): accept string arguments for ticket_id,prepare,integration maintainer,no,Formal APPROVED at e700308; PT006 addressed; 90% coverage demand explicitly refuted in existing maintainer-account review.,e7003087ba3fcc48e2577ac33e64132890cb0246,e7003087ba3fcc48e2577ac33e64132890cb0246,main,MERGEABLE,,Retain current-head approval; no repeated technical comment. Check the fork-workflow authorization/check gap in the later execution phase.,No hard PR dependency identified; same server.py does not make it dependent on #332.,https://github.com/basher83/Zammad-MCP/pull/310
pull_request,16,P1,W1,G05,318,fix: add customer field to zammad_update_ticket,prepare,integration maintainer,no,Formal APPROVED at 57bba97; positional compatibility and boundaries addressed; min_length demand refuted.,57bba97321d0385e3c795df8d0163e6086f1b3ea,57bba97321d0385e3c795df8d0163e6086f1b3ea,main,MERGEABLE,,Retain current-head approval; later execution must reconcile fork CI availability. No duplicate maintainer comment needed.,Land typed customer contract before integrating #335 reserved custom-field names; #326 follows.,https://github.com/basher83/Zammad-MCP/pull/318
pull_request,17,P2,W1,G05,326,test: cover customer forwarding through zammad_update_ticket tool (follow-up to #318),follow-up,follow-up author / integrator,no,"Approve verdict as issue comment, not formal APPROVED; same-account formal review rejected; head 80daf3a.",80daf3adbc9f702c1f71b911da9d38db085eee30,80daf3adbc9f702c1f71b911da9d38db085eee30,main,MERGEABLE,,Carry existing approve comment; retain only incremental test after #318. Stale owner-review label is not a missing verdict.,Contains both #318 commits; actually targets main.,https://github.com/basher83/Zammad-MCP/pull/326
pull_request,18,P1,W1,G05,287,fix: add pending_time to update_ticket and surface article attachments,prepare,integration maintainer,no,Formal APPROVED three times on unchanged head; latest 2026-09-08T05:41:07Z against then-base 53ad068.,6350eef5c76dbeb7284bad94a4474b4463fdb5cd,6350eef5c76dbeb7284bad94a4474b4463fdb5cd,main,MERGEABLE,,"Retain repeated current-head formal approvals; #329 is non-blocking follow-up work, not a reason to re-review unchanged #287.",#329 follows; coordinate typed pending_time field with #335 custom-name validation.,https://github.com/basher83/Zammad-MCP/pull/287
pull_request,19,P2,W1,G05,329,test: cover ticket resource attachments and document pending_time (follow-up to #287),author-action,PR author,no,Request-changes verdict as issue comment at 329e604: README conflict; own additions correct. Existing review also flags missing rate-limited bot signal.,329e60480901033d2d87bb569159f380202fd487,329e60480901033d2d87bb569159f380202fd487,main,CONFLICTING,,Existing review already requests README reconciliation; current PR is conflicting. Wait for #287 then retain the small delta; no repeated request comment.,"Contains #287; actual target main, not parent's feature branch.",https://github.com/basher83/Zammad-MCP/pull/329
pull_request,20,P1,W1,G06,307,fix: don't HTML-escape quotes/apostrophes in plain-text article/ticket content,delta-review,reviewer,conditional,Formal CHANGES_REQUESTED at 57d014f for TicketUpdate quote handling; later f9d9835 author-side fix plus CodeRabbit no-actionable re-review at new head; no later maintainer-account verdict.,57d014ff4b58748258b41c53d92d83992020b0cc,f9d98358d56ed254e85ac1c9c379c5a2bdefb5e6,main,MERGEABLE,CHANGES_REQUESTED,Human request-changes predates f9d9835 fix; assess that delta. Bot follow-up is not human approval. Broader escaping policy is optional separate work.,"#324 carries old parent, not new fix; update it only after chosen parent is reconciled.",https://github.com/basher83/Zammad-MCP/pull/307
pull_request,21,P2,W1,G06,324,test: cover double quotes in plain-text sanitization (follow-up to #307),follow-up,follow-up author / integrator,conditional,"Request-changes verdict published as issue comment at d94d0b7; own tests deemed correct, inherited #307 defect/sequencing blocked.",d94d0b7e885d57f20a8cea2a14154ed1bcedee7b,d94d0b7e885d57f20a8cea2a14154ed1bcedee7b,main,MERGEABLE,,Keep requested-changes history and recommended parent-first sequence; old inherited defect is fixed in #307 but not included here.,"Contains old #307 commit; rebase/retain test delta after corrected #307, not before.",https://github.com/basher83/Zammad-MCP/pull/324
pull_request,22,P1,W1,G04,314,fix(stats): flag group-filtered counts truncated at the search cap,author-action,PR author,no,CHANGES_REQUESTED; no later fix or re-review in archive,106ab7b222a30fad4ba4c6df77eed5b76509d921,106ab7b222a30fad4ba4c6df77eed5b76509d921,main,MERGEABLE,CHANGES_REQUESTED,Await already-requested tool-docstring/schema and lower-bound explanation; no unresolved human question and no duplicate comment needed.,Shared stats output/docs with #311/#323; not a demonstrated hard dependency.,https://github.com/basher83/Zammad-MCP/pull/314
pull_request,23,P2,W2,G08,333,feat(models): accept case-insensitive constant inputs,prepare,integration maintainer,no,"Approve at 1064ad4 via owner issue comment, not formal approval.",1064ad403fa6cf4216da30c3baec67e24c66c969,1064ad403fa6cf4216da30c3baec67e24c66c969,main,MERGEABLE,,Carry approve comment and canonical lowercase output contract. Existing review explicitly treats issue approval label as stale.,Root of real base stack #340/#343; not dependent on #332.,https://github.com/basher83/Zammad-MCP/pull/333
pull_request,24,P2,W2,G08,340,Review follow-ups for #333: lowercase docstring values and enum rejection tests,stacked,stack integrator,no,Approve via owner issue comment at 0357fae; no requested changes.,0357fae8615246054d5ba32901fdd4ba2a6ff6fe,0357fae8615246054d5ba32901fdd4ba2a6ff6fe,factory/issue-201,MERGEABLE,,Carry approve comment; integrate nested #343 into this branch before carrying reviewed follow-up into #333 if preserving current stack.,Actual base is #333 branch; child #343 targets this branch.,https://github.com/basher83/Zammad-MCP/pull/340
pull_request,25,P2,W2,G08,343,Review follow-ups for #340: add_article docstring default and example casing,stacked,stack integrator,no,Approve via owner issue comment at 2c42239; no requested changes.,2c4223925ce1fed084df7dd466e4dd962aa0a29e,2c4223925ce1fed084df7dd466e4dd962aa0a29e,factory/review-followups-pr-333,MERGEABLE,,"Carry approve comment, no new question. Leaf-first absorption avoids detaching reviewed follow-up from current branch bases.",Actual base is #340 branch; absorption order #343 into #340 into #333 into main.,https://github.com/basher83/Zammad-MCP/pull/343
pull_request,26,P2,W2,G09,335,feat(tickets): support custom Zammad object attributes on read and update,prepare,integration maintainer,conditional,"Approve at c5b6f0f in COMMENTED review, not formal APPROVED state; no blocking findings.",c5b6f0f49ce10720eef25a7aec2307f9c97d0f6f,c5b6f0f49ce10720eef25a7aec2307f9c97d0f6f,main,MERGEABLE,,"Approve verdict is a COMMENTED review, not formal approval. Coordinate new typed-field reservations and send reporter update on #278; do not reopen settled hybrid design.",Suggested sequencing after #318/#287 typed fields; CI overlaps #338; no hard feature dependency.,https://github.com/basher83/Zammad-MCP/pull/335
pull_request,27,P2,W2,G10,336,feat: add zammad_merge_tickets tool for merging duplicate tickets,decision,maintainer,yes,Approve on 808f7ba in two re-review comments; NOT a submitted GitHub APPROVED review (self-approval rejected),808f7ba31b29070dac9ca649a7e4fd679c8135ce,808f7ba31b29070dac9ca649a7e4fd679c8135ce,main,MERGEABLE,,Prefer current-head re-reviewed #336; record attribution/disposition for #312. Do not revive fixed encoding blocker or demand redundant full review.,"Alternative to #312, not stacked; preserve destructive annotations if #325 removes helper.",https://github.com/basher83/Zammad-MCP/pull/336
pull_request,28,P2,W2,G10,312,feat: add zammad_merge_tickets tool via legacy ticket_merge REST endpoint,alternative,maintainer,conditional,CHANGES_REQUESTED on 1d543d56; head 3d28c0f adds destructive annotation; no subsequent maintainer re-review,1d543d56813778ddaf6c8fdaacb4ef2b9a51da19,3d28c0fc8d8477f1d9d3ec06d976ba23a4eb73fd,main,MERGEABLE,CHANGES_REQUESTED,"Annotation blocker was fixed at 3d28c0f after review. If retained, delta-review it; if #336 chosen, communicate supersession and credit.",Independent alternative to #336 for #309; no serial dependency.,https://github.com/basher83/Zammad-MCP/pull/312
pull_request,29,P2,W2,G11,334,feat(tickets): add zammad_bulk_update_tickets tool,decision,maintainer,yes,Approve verdict in issue comment at a9910a3; formal approval not evidenced (comment itself says no submitted reviews).,a9910a3e2db0f1aca2ba8d3cb92ca07d00c9dc5b,a9910a3e2db0f1aca2ba8d3cb92ca07d00c9dc5b,main,MERGEABLE,,Existing approve comment explicitly leaves feature confirmation open. Record one-tool/bounded/best-effort scope once; #339 supplies non-blocking tag bounds.,Actual parent of #339; new nested params must be reconciled with #332 flat schema.,https://github.com/basher83/Zammad-MCP/pull/334
pull_request,30,P2,W2,G11,339,fix(tickets): bound bulk tag names like the single-tag tools,stacked,stack integrator,no,Approve via owner issue comment at c5b4256; no requested changes.,c5b425694f82c5872e12793b7b2a67cc82dad5a6,c5b425694f82c5872e12793b7b2a67cc82dad5a6,factory/issue-15,MERGEABLE,,Carry approve comment; absorb into #334 branch before root integration if preserving stack. Unrelated stacked-CI question is not a comment blocker.,Actual base #334 branch; no dependence on rate limiter #341 established.,https://github.com/basher83/Zammad-MCP/pull/339
pull_request,31,P2,W2,G12,315,feat(search): add creation date range filters to ticket search,prepare,integration maintainer,no,APPROVED formal review; head unchanged,69d3cfd285b7d69706472963f5c88a2dddb8ebec,69d3cfd285b7d69706472963f5c88a2dddb8ebec,main,MERGEABLE,,Retain current-head formal approval and existing no-human-question disposition; #331 owns header follow-up.,#331 contains this commit; #316 independently overlaps client date-query changes.,https://github.com/basher83/Zammad-MCP/pull/315
pull_request,32,P2,W2,G12,331,fix(search): show date bounds in search results header (follow-ups to #315),follow-up,follow-up author / integrator,no,Approve in maintainer comment; not formal APPROVED review,13222f4f028d3251c59748d37cdc8e06aab91a7e,13222f4f028d3251c59748d37cdc8e06aab91a7e,main,MERGEABLE,,"Carry approve comment; after #315 keep incremental header/test correction, not duplicate inherited feature diff.",Actual target main; exact #315 commit present; coordinate #316 query additions.,https://github.com/basher83/Zammad-MCP/pull/331
pull_request,33,P2,W2,G12,316,feat(export): add bulk ticket export to JSONL,author-action,PR author,no,CHANGES_REQUESTED; no later fix or re-review,743b0ae5774233bd1962ed7f9c79ffab39990943,743b0ae5774233bd1962ed7f9c79ffab39990943,main,MERGEABLE,CHANGES_REQUESTED,"Await existing inventory-test, documented export-boundary and complexity fixes. No new product comment is required by existing review.",Independent date-query overlap with #315/#331; #313 explicitly not a dependency.,https://github.com/basher83/Zammad-MCP/pull/316
pull_request,34,P2,W2,G13,338,feat: receive Zammad webhook events and expose them via zammad_list_events,prepare,integration maintainer,no,"Latest approve re-review at 65313d4 (05:47:45Z), superseding request-changes passes on 10e6a29/27490a2; issue comments, not formal approval.",65313d4f975b0afe197ad807d5a0d085f4b269bd,65313d4f975b0afe197ad807d5a0d085f4b269bd,main,MERGEABLE,,Carry latest approve comments at 65313d4; prior cursor blockers were fixed and re-reviewed. Preserve scoped MVP rather than asserting full #16 roadmap delivered.,Reconcile nested params with #332; shares lifecycle/CI with #337/#335; #341 is not ingress protection.,https://github.com/basher83/Zammad-MCP/pull/338
pull_request,35,P2,W2,G14,341,"feat(client): add rate limiting, retries, and circuit breaker for Zammad requests",delta-review,reviewer,conditional,Last published verdict request changes at 8370c0c; author reports both fixes in current e5a0e7a; no later re-reviewed approve verdict.,8370c0c61f223957cce2db073cb4bd833502c466,e5a0e7a4fb4cf42656cbfc16ddceb301a9b93a26,main,MERGEABLE,,"Author reports both requested message fixes at e5a0e7a; queue targeted re-review, not another instruction to implement them. No subsequent approve verdict found.",No proven prerequisite for #334/#316/#338; shared transport integration with other client changes.,https://github.com/basher83/Zammad-MCP/pull/341
pull_request,36,P2,W2,G15,337,feat(audit): add opt-in JSON Lines audit logging for security events,author-action,PR author,no,"Request changes at 6cbc840 in COMMENTED review; head unchanged, blocker not fixed.",6cbc840fd34deda3d93c8bba84c6a437eae42600,6cbc840fd34deda3d93c8bba84c6a437eae42600,main,MERGEABLE,,Unchanged .env bootstrap-order blocker already has clear request and tests specified. Await author fix; no duplicate comment needed.,Shared lifecycle surface with #338; no required sequencing before unrelated fixes.,https://github.com/basher83/Zammad-MCP/pull/337
pull_request,37,P2,W2,G16,267,feat(kb): add read-only Knowledge Base support,decision,maintainer,yes,Formal CHANGES_REQUESTED on 81dbf6e; head 2b7d13a is its direct child with review-response changes. No maintainer re-review on new head.,81dbf6e2ce520e19189a17bd46e3b4c9cc593ae5,2b7d13a079c28ae40bfe99c99d3c172d5cf76fd1,main,MERGEABLE,CHANGES_REQUESTED,"Compare updated candidate first: historical probe/payload/type blockers have response changes. Choose between this updated head and #344, resolve Codacy policy request, then delta-review selected route.","Alternative to #344; #200 is split predecessor, not prerequisite; title/body/subtree search differs.",https://github.com/basher83/Zammad-MCP/pull/267
pull_request,38,P2,W2,G16,344,feat(kb): add read-only Knowledge Base tools and resources,alternative,maintainer,yes,No maintainer verdict. CodeRabbit rate-limited without review; Codacy reports 46 minor documentation issues.,,06b3ec1033d1d5d015886169dfb5f4de371baf81,main,MERGEABLE,,First maintainer review still absent. Prefer wrapper/modular design only provisionally; compare search semantics and contributor fixes in #267 before selecting.,Independent same-tool/resource alternative to #267; read-only slice does not complete create requirement of #198.,https://github.com/basher83/Zammad-MCP/pull/344
pull_request,39,P3,W3,G16,200,Feature/knowledge base crud,parked,maintainer / original contributor,conditional,Maintainer parked on 2026-04-30; formal CHANGES_REQUESTED on current head 64324d8 on 2026-09-07.,64324d8fff6412d9d35c5ce4516eb6176a630ebf,64324d8fff6412d9d35c5ce4516eb6176a630ebf,main,CONFLICTING,CHANGES_REQUESTED,Keep parked per existing split decision; communicate successor/ownership only when canonical read-only route is selected.,"Reference source for future write/attachment slices, not a dependency to merge before #267/#344.",https://github.com/basher83/Zammad-MCP/pull/200
pull_request,40,P3,W3,G17,264,chore(deps): bump urllib3 from 2.6.3 to 2.7.0 in the uv group across 1 directory,disposition,maintainer,conditional,Formal CHANGES_REQUESTED on current d7fd346; recommends closing as superseded by 5dc76d3.,d7fd3466707fcbec4968b9d279d4443c6dd36435,d7fd3466707fcbec4968b9d279d4443c6dd36435,main,CONFLICTING,CHANGES_REQUESTED,Record close-as-superseded recommendation: 5dc76d3 is on current main. Do not spend rebase work on remaining registry rewrite.,Not a prerequisite for #291/#342; registry-policy migration would be separate work.,https://github.com/basher83/Zammad-MCP/pull/264
pull_request,41,P3,W3,G17,317,fix: fix: uv run semgrep broken on Python 3.13 (pkg_resources missing),disposition,maintainer,conditional,Formal CHANGES_REQUESTED on current a97daf5; close as superseded by c0bc500 / #259.,a97daf5093d2235fc65474fa5335a898b0a34f98,a97daf5093d2235fc65474fa5335a898b0a34f98,main,CONFLICTING,CHANGES_REQUESTED,Record close-as-superseded and #260 resolved-by-c0bc500 recommendation. Both fix commit and Semgrep isolation already on main.,"No implementation queue entry needed; cleanup only, not performed here.",https://github.com/basher83/Zammad-MCP/pull/317
issue,1,P1,issue,G04,345,"get_ticket_stats: escalated_count counts future SLA deadlines, not escalated tickets",new-triage,maintainer,yes,No maintainer verdict/comments in archive,,,,,,Acknowledge offer of focused escalation-deadline fix/tests; no implementing PR found. Distinct from #323 and coordinate #311 semantics.,"#323, #311",https://github.com/basher83/Zammad-MCP/issues/345
issue,2,P1,issue,G01,212,Flatten tool `params` into `arguments` to fix arg/param validation failures,track-pr,maintainer,conditional,"Issue triage: plan fix, high severity; implementation #332 has approve comment.",,,,,,Track #332 corrected schema and new-tool integration; do not restart implementation planning. Record compatibility decision only if needed.,#332,https://github.com/basher83/Zammad-MCP/issues/212
issue,3,P1,issue,G02,319,"zammad_get_ticket returns ""Unknown"" for State, Priority, Group, Owner and Customer",choose-carrier,maintainer,yes,"Existing high-severity triage recommends #321 over #313. Later comment 2026-09-07T11:34:41Z says marked as done; hydrated issue still open, fix PRs still open.",,,,,,Resolve #327/#321/#313 carrier and timeout follow-up. Done comment/pending-close label do not prove delivery; fixes remain open.,"#327, #321, #313, #328",https://github.com/basher83/Zammad-MCP/issues/319
issue,4,P1,issue,G03,320,zammad_delete_attachment always fails: Resource.destroy() takes 2 positional arguments but 4 were given,choose-carrier,maintainer,yes,Existing medium-severity triage recommends removal via #322 over a stub. No completion comment; issue open.,,,,,,Confirm removal/stub once and #322 versus #330; retain unique #325 work. Whole-article deletion is a separate feature.,"#322, #330, #325",https://github.com/basher83/Zammad-MCP/issues/320
issue,5,P2,issue,G10,309,Feature request: ticket merge tool (PUT /api/v1/ticket_merge),choose-carrier,maintainer,yes,Existing triage: await approval; prefer existing #312 rather than new planning. Later #336 independently implements same feature.,,,,,,Choose #336 or updated #312 and record contributor credit; do not create third implementation.,"#336, #312",https://github.com/basher83/Zammad-MCP/issues/309
issue,6,P2,issue,G11,15,Feature: Implement bulk operations for tickets,scope-confirmation,maintainer,yes,Issue triage awaits approval; #334 approved technically but explicitly requests maintainer feature confirmation.,,,,,,Confirm implemented bounded single-tool best-effort MVP with tags/note; existing review explicitly leaves approval open.,"#334, #339",https://github.com/basher83/Zammad-MCP/issues/15
issue,7,P2,issue,G09,278,Support custom Zammad Ticket object attributes in MCP,reporter-coordination,maintainer,yes,Issue triage recommended hybrid; #335 COMMENTED review approves implementation with non-blocking follow-ups.,,,,,,"Point reporters to reviewed #335 and their offered live validation; read/update hybrid is implemented, create excluded.",#335,https://github.com/basher83/Zammad-MCP/issues/278
issue,8,P2,issue,G08,201,Make all constants case-insensitive if they can be,track-stack,maintainer,no,Issue triage awaits enum-only scope approval; later #333 review approves and explicitly treats issue label as stale.,,,,,,Track #333/#340/#343; later review resolves enum-only scope and treats needs-approval label as stale.,"#333, #340, #343",https://github.com/basher83/Zammad-MCP/issues/201
issue,9,P2,issue,G16,198,zammad knowledgebase,choose-slice,maintainer,yes,Existing triage says Await approval and asks revive #267 or fresh wrapper-based slice; later #344 now supplies fresh candidate.,,,,,,Choose updated #267 versus #344; preserve create/write acceptance items before read-only Closes reference retires umbrella.,"#267, #344, #200",https://github.com/basher83/Zammad-MCP/issues/198
issue,10,P2,issue,G13,16,Feature: Add webhook/real-time update support,track-pr,maintainer,conditional,"Issue triage asks scoped MVP or defer; latest #338 reviews approve scoped implementation, cursor blocker resolved.",,,,,,Track approved HTTP-only #338; retain deferred registration/push/user-org event requirements if closing umbrella on MVP.,#338,https://github.com/basher83/Zammad-MCP/issues/16
issue,11,P3,issue,G14,120,Feature: Implement rate limiting for API requests,track-pr,maintainer,conditional,"Issue awaits scope approval; #341 broader implementation last reviewed request-changes at 8370c0c, author fixes e5a0e7a await re-review.",,,,,,"Track fixed-head re-review of #341; broader resilience/defaults scope only needs comment if still undecided, not new planning.",#341,https://github.com/basher83/Zammad-MCP/issues/120
issue,12,P3,issue,G15,121,Feature: Implement audit logging for security and compliance,track-pr,maintainer,conditional,Issue awaits build/scope approval; #337 implementation has outstanding request-changes .env blocker.,,,,,,Track #337 author .env-order fix; distinguish low-priority feature request from defect in proposed opt-in control.,#337,https://github.com/basher83/Zammad-MCP/issues/121
issue,13,P2,issue,G17,289,[triage] Zammad-MCP maintainer digest,retirement-tracking,maintainer,no,Explicit Sep8 maintainer directive to remove/deprecate .codex/*; existing #342 comment approval is older than expanded head.,,,,,,Removal direction already explicitly authorized; track expanded #342 assessment and close only after producer removal lands.,"#342, #257",https://github.com/basher83/Zammad-MCP/issues/289
issue,14,P3,issue,G17,260,fix: uv run semgrep broken on Python 3.13 (pkg_resources missing),disposition,maintainer,conditional,Maintainer triage: close as resolved by c0bc500 / merged #259; redundant #317 should close superseded.,,,,,,Record resolved-by-c0bc500 / #259 closure recommendation and superseded #317. No repeated diagnosis needed.,#317,https://github.com/basher83/Zammad-MCP/issues/260
issue,15,P3,issue,G17,257,[triage] Zammad-MCP maintainer digest,legacy-artifact,maintainer,conditional,No maintainer-account verdict; four bot digests in May. OPEN verified via parent targeted sync after omission in default scan.,,,,,,Separate still-open same-title digest; include in retirement cleanup after producer removal. #289 directive did not explicitly name it.,"#342, #289",https://github.com/basher83/Zammad-MCP/issues/257
issue,16,P3,issue,G17,3,Dependency Dashboard,dashboard,maintainer,no,No maintainer verdict or discussion; Renovate control dashboard.,,,,,,Keep Renovate control dashboard open; actual version decisions belong with #291/#306/#276. Do not click approval controls here.,"#291, #306, #276, #342",https://github.com/basher83/Zammad-MCP/issues/3
